StartDate,EndDate,Status,IPAddress,Progress,Duration (in seconds),Finished,RecordedDate,ResponseId,RecipientLastName,RecipientFirstName,RecipientEmail,ExternalReference,LocationLatitude,LocationLongitude,DistributionChannel,UserLanguage,consent_form,attention_check,Q6,Novel_regularity,Novel_enjoy,Movie_regularity,Movie_enjoy,Science_regularity,Science_enjoy,Puzzle_regularity,Puzzle_enjoy,Game_regularity,Game_enjoy,Docu_regularity,Docu_enjoy,Q1,gender,age,SES_Child_1,SES_Child_2,SES_Child_3,SES_Now_1,SES_Now_2,SES_Now_3,comments,PROLIFIC_PID
Start Date,End Date,Response Type,IP Address,Progress,Duration (in seconds),Finished,Recorded Date,Response ID,Recipient Last Name,Recipient First Name,Recipient Email,External Data Reference,Location Latitude,Location Longitude,Distribution Channel,User Language,"We invite you to participate in a scientific experiment. Participation requires that you give your informed consent. Before proceeding, please consider the following information:     The survey will take about 4 minutes to complete.    There are no risks involved in this study.    You will be paid for your participation at the posted rate (provided that you complete the whole study, including demographic questions).    Your individual privacy will be maintained in all published and written data resulting from the study.     Participation in this research study is voluntary. You may choose not to participate.     By ticking the box below, and proceeding to the study task you certify that you have read this form, and agreed to participate in accordance with the above conditions.","Imagine you are playing video games with a friend and at some point your friend says:     “I don’t want to play this game anymore! To make sure that you read the instructions, please write the three following words ""I pay attention"" in the box below. I really dislike this game, it's the most overrated game ever.”      Do you agree with your friend?",Was this explanation of the feeling of insight clear?,How often do you read novels?,How interested are you in novels that elicit a feeling of insight? For instance novels in which a plot twist or a new revelation about a character helps make sense of the story.,How often do you watch movies?,How interested are you in watching movies that elicit a feeling of insight? For instance movies in which a plot twist or a new revelation about a character helps make sense of the story.,How often do you read popular science?,How interested are you in reading popular science that elicits a feeling of insight? For instance popular science writing that leads you to make sense of something.,How often do you tackle puzzles?,"How interested are you in tackling puzzles that elicit a feeling of insight, when you find or read the answer? For instance brainteasers.",How often do you play video games?,How interested are you in playing video games that elicit a feeling of insight? For instance video games in which you suddenly manage to find the solution to a problem.,How often do you watch documentaries?,"How interested are you in watching documentaries that elicit a feeling of insight? For instance documentaries that help you make sense of things from a new point of view, by presenting the perspective of different people or providing you with new facts.","Before finishing, please provide the following information. Once you are done with these questions, please do not forget to press the arrow to complete the survey and get your completion code.",What is your gender?,What is your age?,Indicate your agreement with the following statements - My family usually had enough money for things when I was growing up,Indicate your agreement with the following statements - I grew up in a relatively wealthy neighborhood,Indicate your agreement with the following statements - I felt relatively wealthy compared to the other kids in my school,Indicate your agreement with the following statements - I have enough money to buy things I want,Indicate your agreement with the following statements - I don’t need to worry too much about paying my bills,Indicate your agreement with the following statements - I don’t think I’ll have to worry about money too much in the future,"Do you have any further comments for us?  If you have experienced any problems during the survey, please let us know.",PROLIFIC_PID
"{""ImportId"":""startDate"",""timeZone"":""Europe/Berlin""}","{""ImportId"":""endDate"",""timeZone"":""Europe/Berlin""}","{""ImportId"":""status""}","{""ImportId"":""ipAddress""}","{""ImportId"":""progress""}","{""ImportId"":""duration""}","{""ImportId"":""finished""}","{""ImportId"":""recordedDate"",""timeZone"":""Europe/Berlin""}","{""ImportId"":""_recordId""}","{""ImportId"":""recipientLastName""}","{""ImportId"":""recipientFirstName""}","{""ImportId"":""recipientEmail""}","{""ImportId"":""externalDataReference""}","{""ImportId"":""locationLatitude""}","{""ImportId"":""locationLongitude""}","{""ImportId"":""distributionChannel""}","{""ImportId"":""userLanguage""}","{""ImportId"":""QID1214988211""}","{""ImportId"":""QID1214988209_TEXT""}","{""ImportId"":""QID6""}","{""ImportId"":""QID27""}","{""ImportId"":""QID28""}","{""ImportId"":""QID29""}","{""ImportId"":""QID30""}","{""ImportId"":""QID31""}","{""ImportId"":""QID32""}","{""ImportId"":""QID33""}","{""ImportId"":""QID34""}","{""ImportId"":""QID35""}","{""ImportId"":""QID36""}","{""ImportId"":""QID37""}","{""ImportId"":""QID38""}","{""ImportId"":""QID1215179055""}","{""ImportId"":""QID1215179056""}","{""ImportId"":""QID1215179057_TEXT""}","{""ImportId"":""QID50_1""}","{""ImportId"":""QID50_2""}","{""ImportId"":""QID50_3""}","{""ImportId"":""QID50_4""}","{""ImportId"":""QID50_5""}","{""ImportId"":""QID50_6""}","{""ImportId"":""QID44_TEXT""}","{""ImportId"":""PROLIFIC_PID""}"
2024-03-13 16:02:59,2024-03-13 16:04:17,0,98.212.146.204,100,77,1,2024-03-13 16:04:17,R_5hnAlzWaf1LKLYt,,,,,40.1343,-88.287,anonymous,EN,1,I pay attention,2,1,,2,1,3,1,1,,5,1,2,1,,2,32,2,1,2,5,5,5,,609550ebd2fd05085720eca0
2024-03-13 16:03:58,2024-03-13 16:05:48,0,172.59.227.205,100,110,1,2024-03-13 16:05:49,R_5CrhHM53e0VSpsn,,,,,39.7427,-104.8129,anonymous,EN,1,I pay attention,2,1,,4,6,2,6,4,4,2,4,4,7,,2,35,5,1,2,5,6,5,,5f9b15889c51902ece84d3e7
2024-03-13 16:06:09,2024-03-13 16:07:24,0,66.69.185.163,100,75,1,2024-03-13 16:07:25,R_7VNVNVKr9g26XN7,,,,,33.0951,-96.8805,anonymous,EN,1,I pay attention,2,1,,4,3,3,3,2,3,5,6,2,4,,1,28,5,4,3,5,3,4,,63f7a84b6e32b3b093b7b241
2024-03-13 16:05:49,2024-03-13 16:07:26,0,172.56.232.50,100,97,1,2024-03-13 16:07:27,R_3nUz9dh0hOt5lto,,,,,34.011,-118.1145,anonymous,EN,1,I pay attention,2,3,2,5,2,1,,2,2,4,2,2,5,,1,39,6,1,1,1,1,1,,57d0a0bee3221e00015fe385
2024-03-13 16:04:08,2024-03-13 16:07:27,0,24.239.34.196,100,199,1,2024-03-13 16:07:27,R_18gFBBUhJEm72aB,,,,,40.8795,-79.93,anonymous,EN,1,I pay attention,2,4,6,5,5,2,5,3,5,5,6,3,7,,2,35,4,5,3,2,2,2,,5adea08aeb60400001538a6f
2024-03-13 16:05:40,2024-03-13 16:07:38,0,70.92.133.93,100,117,1,2024-03-13 16:07:38,R_2WPezSfwfaQQhe0,,,,,42.951,-87.9437,anonymous,EN,1,I pay attention,2,3,4,4,4,1,,4,5,5,5,3,2,,1,38,2,1,1,1,1,1,,559ffa9bfdf99b0ad674856a
2024-03-13 16:06:30,2024-03-13 16:07:40,0,73.182.26.107,100,69,1,2024-03-13 16:07:41,R_1x4MWCIDpbzF2tH,,,,,31.9002,-81.2887,anonymous,EN,1,I pay attention,1,4,6,2,5,2,4,2,6,5,7,1,,,1,22,5,1,1,1,1,1,,62acefe3b92c0eb8292ab95d
2024-03-13 16:06:13,2024-03-13 16:07:42,0,24.185.45.223,100,88,1,2024-03-13 16:07:42,R_1QPp0mTh1Mk0WMU,,,,,41.0155,-73.8635,anonymous,EN,1,I pay attention,2,5,6,5,6,3,7,2,1,3,4,3,6,,1,67,2,2,2,2,2,2,,583ec287ad2f4300014b355a
2024-03-13 16:05:51,2024-03-13 16:07:43,0,76.156.82.124,100,111,1,2024-03-13 16:07:44,R_1jlD44TWhwOckPu,,,,,44.9347,-93.0928,anonymous,EN,1,I pay attention,2,4,4,2,5,2,4,3,4,4,3,2,3,,2,42,5,6,3,3,5,4,,5a708ef2f1530b000103bfab
2024-03-13 16:06:24,2024-03-13 16:07:44,0,70.44.250.211,100,80,1,2024-03-13 16:07:45,R_3n5U7svTYpqhhwi,,,,,40.8011,-75.9774,anonymous,EN,1,I pay attention,2,1,,3,4,2,2,1,,2,1,3,6,,1,33,6,1,1,6,6,6,,5b72d3f8afce7600019fe275
2024-03-13 16:06:00,2024-03-13 16:07:46,0,73.120.207.58,100,105,1,2024-03-13 16:07:47,R_12WWIuivVCc9GjT,,,,,42.0096,-87.6928,anonymous,EN,1,I pay attention,2,1,,2,6,4,7,4,7,2,5,3,6,,1,27,2,1,4,5,5,4,NA,6100553d098e526b5a4397db
2024-03-13 16:06:41,2024-03-13 16:07:54,0,24.127.8.181,100,73,1,2024-03-13 16:07:55,R_316SEmw1w6FNP1f,,,,,42.3769,-82.9152,anonymous,EN,1,I pay attention,2,3,5,4,6,2,3,3,3,4,6,3,3,,1,34,5,3,3,6,5,5,,65e14ceb873675f5079a6874
2024-03-13 16:06:07,2024-03-13 16:07:57,0,12.36.180.2,100,109,1,2024-03-13 16:07:57,R_115dR6LXjXKZ7n0,,,,,39.6757,-86.0694,anonymous,EN,1,I pay attention,2,3,6,3,6,3,4,2,6,4,5,2,3,,1,24,4,3,2,3,3,5,,5d3cc9010e510a00013df6f6
2024-03-13 16:05:57,2024-03-13 16:07:57,0,67.162.197.102,100,119,1,2024-03-13 16:07:57,R_3PNoZ2uOYOG1HRf,,,,,34.674,-92.357,anonymous,EN,1,I pay attention,2,5,4,3,2,3,4,1,,4,2,1,,,1,39,5,2,2,3,6,2,,56228c48ed6e5a0005c7fdd6
2024-03-13 16:06:13,2024-03-13 16:07:58,0,73.143.196.250,100,104,1,2024-03-13 16:07:58,R_1bjUqdR79Bytyrn,,,,,41.698,-70.0602,anonymous,EN,1,I pay attention,2,3,3,3,5,3,5,3,6,4,6,4,6,,1,48,5,3,5,3,5,5,thanks,640d43c9451ce148162a7643
2024-03-13 16:06:09,2024-03-13 16:07:59,0,216.105.70.70,100,109,1,2024-03-13 16:07:59,R_2Iiv78iWbekhucY,,,,,45.2525,-122.6824,anonymous,EN,1,I pay attention,2,4,5,4,6,3,5,2,2,3,4,4,6,,1,39,4,2,2,4,3,3,,58509fbda6946500016117ed
2024-03-13 16:05:53,2024-03-13 16:07:59,0,75.161.212.207,100,126,1,2024-03-13 16:07:59,R_1I0WaLXC0ABKLPb,,,,,35.1871,-106.6659,anonymous,EN,1,I pay attention,2,2,5,4,6,2,4,3,5,4,6,2,5,,1,39,5,5,4,5,5,3,,5b97f70161c19e00018db4a8
2024-03-13 16:06:38,2024-03-13 16:08:02,0,172.56.197.110,100,83,1,2024-03-13 16:08:02,R_3rptWZIodI7C3bH,,,,,42.4143,-71.1766,anonymous,EN,1,I pay attention,2,1,,1,,1,,1,,5,3,1,,,1,28,6,4,4,6,7,6,,629e241d171ec6698e05f149
2024-03-13 16:05:50,2024-03-13 16:08:02,0,97.135.203.147,100,131,1,2024-03-13 16:08:03,R_1G5QvNkBPiuNR5v,,,,,38.6976,-90.3604,anonymous,EN,1,I pay attention,2,3,5,3,5,1,,2,4,3,5,1,,,1,43,7,4,4,7,7,7,,59ff47d47ecfc50001be0555
2024-03-13 16:06:28,2024-03-13 16:08:03,0,71.221.135.29,100,95,1,2024-03-13 16:08:04,R_3tzBlkc82lPU9xf,,,,,29.8737,-97.9361,anonymous,EN,1,I pay attention,2,3,3,5,7,1,,1,,1,,3,7,,2,43,6,2,3,3,4,2,,5e07a94db7b33010fe2af9b4
2024-03-13 16:06:29,2024-03-13 16:08:06,0,47.227.118.49,100,96,1,2024-03-13 16:08:06,R_3zNhngWTRQKKOW2,,,,,39.7436,-86.1158,anonymous,EN,1,I pay attention,2,4,4,3,3,3,7,5,5,3,4,3,6,,1,39,6,3,4,6,5,4,,5c27e76978fad500019328cc
2024-03-13 16:06:02,2024-03-13 16:08:07,0,72.230.164.161,100,124,1,2024-03-13 16:08:07,R_1IarHSpJOtwAmee,,,,,43.2108,-77.1498,anonymous,EN,1,"""I pay attention""",2,4,4,4,4,1,,3,6,4,5,3,6,,1,56,1,1,1,1,1,1,,5a9867476219a30001d3368e
2024-03-13 16:06:25,2024-03-13 16:08:08,0,173.61.47.150,100,103,1,2024-03-13 16:08:09,R_6WZIvKwHT12KnuT,,,,,39.9077,-75.0847,anonymous,EN,1,I pay attention,2,2,5,2,5,2,5,2,4,1,,3,6,,2,36,6,5,2,5,6,6,,5e9679a26b86610fdf2c766a
2024-03-13 16:06:19,2024-03-13 16:08:09,0,71.71.232.105,100,109,1,2024-03-13 16:08:09,R_2HtyuTKmL6E33oZ,,,,,36.5036,-79.758,anonymous,EN,1,I pay attention,2,3,5,4,6,3,5,3,4,4,5,3,6,,1,41,6,5,6,2,2,2,,5c4af67cdccaa800016b3192
2024-03-13 16:05:50,2024-03-13 16:08:09,0,72.69.207.223,100,139,1,2024-03-13 16:08:10,R_3PmAvRkHf3UP9PX,,,,,40.822,-73.86,anonymous,EN,1,I pay attention,2,3,6,3,6,1,,4,7,5,7,2,4,,1,35,1,1,1,4,1,1,,5b3e2334cdb4ce0001d93c51
2024-03-13 16:06:31,2024-03-13 16:08:09,0,107.77.203.36,100,98,1,2024-03-13 16:08:10,R_3DkcFXwXuY4I50d,,,,,39.2909,-76.6096,anonymous,EN,1,I pay attention,2,1,,4,5,1,,2,7,1,,3,6,,2,33,6,3,3,7,5,6,,5deaac8dff7f711d9032fa94
2024-03-13 16:06:30,2024-03-13 16:08:11,0,66.177.73.213,100,101,1,2024-03-13 16:08:12,R_7svPtdlzYVKFUxr,,,,,30.3511,-81.506,anonymous,EN,1,I pay attention,2,3,5,5,7,2,6,3,7,5,6,4,7,,2,36,2,5,1,5,5,4,,562c2ff0733ea000111630df
2024-03-13 16:06:20,2024-03-13 16:08:18,0,174.162.82.35,100,118,1,2024-03-13 16:08:19,R_7BbbAYfNIFc4jrI,,,,,42.2385,-83.1783,anonymous,EN,1,I pay attention,2,1,,2,5,1,,1,,4,6,1,,,1,29,6,4,4,2,7,2,,5685850c333cbd000d4e042f
2024-03-13 16:06:08,2024-03-13 16:08:19,0,70.172.187.42,100,131,1,2024-03-13 16:08:19,R_5Vqm4pLoWXHc6iu,,,,,41.519,-71.162,anonymous,EN,1,I pay attention,2,2,4,3,5,1,,2,5,1,,4,7,,2,41,7,6,6,6,7,6,,58a43e029a17120001d910d5
2024-03-13 16:05:55,2024-03-13 16:08:19,0,172.58.127.149,100,144,1,2024-03-13 16:08:20,R_1R2FwEE7Onpmrww,,,,,42.3363,-83.1348,anonymous,EN,1,I pay attention,2,4,5,3,5,2,3,3,5,5,6,2,5,,1,34,7,1,2,4,4,4,,5658000ca9872d0011e1ba26
2024-03-13 16:05:59,2024-03-13 16:08:20,0,97.97.50.179,100,141,1,2024-03-13 16:08:21,R_13I24IOQJS9Hcn7,,,,,28.2949,-82.6391,anonymous,EN,1,I pay attention,2,4,5,4,6,2,6,4,5,5,7,5,7,,2,70,5,5,5,2,2,2,,5de5496937e1d50ca63e0fa5
2024-03-13 16:06:26,2024-03-13 16:08:20,0,158.222.240.244,100,114,1,2024-03-13 16:08:21,R_7LhRKDrtfjxrU21,,,,,40.8177,-73.9771,anonymous,EN,1,I pay attention,2,2,3,5,6,2,4,3,6,5,6,4,6,,1,26,4,4,4,4,4,4,,6526e6db8f0e2069023a4ba4
2024-03-13 16:06:41,2024-03-13 16:08:22,0,99.162.210.39,100,100,1,2024-03-13 16:08:22,R_2n6nPsJEjL390oE,,,,,30.45,-81.6624,anonymous,EN,1,I pay attention,2,4,5,4,6,1,,1,,2,5,3,6,,1,47,5,2,2,3,2,2,,60c4e1091b936c7b812e5af4
2024-03-13 16:06:38,2024-03-13 16:08:23,0,174.84.35.123,100,104,1,2024-03-13 16:08:24,R_7sHXYUBsgx6L8vn,,,,,43.642,-84.2673,anonymous,EN,1,I pay attention,2,1,,1,,3,3,1,,2,1,2,2,,1,44,5,5,4,3,2,1,,633edc50cfae73d4a72ca889
2024-03-13 16:06:04,2024-03-13 16:08:25,0,35.138.85.74,100,140,1,2024-03-13 16:08:25,R_7P2kfdd9GF1I0th,,,,,28.0331,-81.9391,anonymous,EN,1,I pay attention,2,3,5,4,6,1,,2,2,5,7,2,5,,2,28,5,5,5,2,2,2,,60fcefe49e61a0aa689df3c8
2024-03-13 16:06:18,2024-03-13 16:08:28,0,172.58.10.148,100,129,1,2024-03-13 16:08:29,R_1RWFuqdSocxCqt2,,,,,44.9834,-93.2622,anonymous,EN,1,I pay attention,2,3,6,4,7,2,4,3,5,5,7,2,5,,1,35,6,1,1,2,2,5,,62e47a1d1d882637fafbc183
2024-03-13 16:06:06,2024-03-13 16:08:29,0,172.56.72.255,100,143,1,2024-03-13 16:08:30,R_5hFTx98dYOYRPD8,,,,,28.5788,-81.4396,anonymous,EN,1,"I pay attention ",2,4,6,2,6,1,,3,5,2,5,5,7,,2,52,6,1,3,7,7,6,,5a6c8047e70ca900017acdae
2024-03-13 16:06:22,2024-03-13 16:08:29,0,184.89.240.135,100,127,1,2024-03-13 16:08:30,R_5hcAb5EJ3SmPBjb,,,,,28.6225,-81.4317,anonymous,EN,1,"I pay attention ",2,5,7,4,7,5,7,5,7,3,4,5,7,,2,37,3,1,3,6,5,5,,58be162d2e4dc0000164b12c
2024-03-13 16:05:56,2024-03-13 16:08:31,0,207.237.37.131,100,154,1,2024-03-13 16:08:32,R_1dyJiW1YTstyBrK,,,,,40.7428,-73.9712,anonymous,EN,1,I pay attention,2,3,5,3,3,2,3,2,5,5,3,2,3,,2,31,2,5,1,1,2,1,,579983292fc0d400012c8937
2024-03-13 16:06:24,2024-03-13 16:08:35,0,136.32.210.127,100,130,1,2024-03-13 16:08:36,R_31p4vU3Jk10zltS,,,,,39.214,-94.5826,anonymous,EN,1,I pay attention,2,2,5,4,5,1,,2,3,3,5,1,,,1,34,2,1,1,1,1,1,,5ed2bb7a67d51b24b2ac4037
2024-03-13 16:06:15,2024-03-13 16:08:35,0,70.127.130.236,100,139,1,2024-03-13 16:08:36,R_1sb3gztTWR32bzK,,,,,27.8673,-82.7091,anonymous,EN,1,I pay attention,2,3,4,4,6,2,7,3,7,3,5,3,7,,2,36,2,3,3,1,1,1,,55914b15fdf99b1e5e44e714
2024-03-13 16:06:41,2024-03-13 16:08:42,0,152.30.209.192,100,120,1,2024-03-13 16:08:42,R_7K0uTlXSCv3fe5i,,,,,35.2373,-83.1462,anonymous,EN,1,I pay attention,2,3,5,2,6,2,3,2,5,5,6,2,3,,1,21,5,2,4,5,3,2,,612ba4bfee20a1ffc86116f9
2024-03-13 16:06:07,2024-03-13 16:08:42,0,130.44.143.14,100,155,1,2024-03-13 16:08:43,R_3q1W2DyeLHBFwOT,,,,,42.3797,-71.1034,anonymous,EN,1,I pay attention,2,3,6,4,6,2,3,3,7,5,2,2,3,,1,45,3,2,4,4,2,3,,5c3a865019ceb400010c914a
2024-03-13 16:06:20,2024-03-13 16:08:42,0,113.30.253.66,100,141,1,2024-03-13 16:08:43,R_17kY9fHXNG6KOTJ,,,,,47.539,-100.8839,anonymous,EN,1,I pay attention,2,4,6,4,6,2,1,3,6,2,3,3,4,,2,31,5,2,2,5,5,3,,5a09ebdf087f2e0001eae39f
2024-03-13 16:06:23,2024-03-13 16:08:45,0,24.191.62.203,100,141,1,2024-03-13 16:08:46,R_71nPEeJdFezWc7P,,,,,40.6327,-73.6333,anonymous,EN,1,I pay attention,2,4,6,5,6,3,6,3,4,4,5,5,7,,1,30,6,4,4,4,5,4,,5ba288c63fd80800016308c4
2024-03-13 16:06:16,2024-03-13 16:08:46,0,71.237.230.99,100,149,1,2024-03-13 16:08:46,R_7Qtg8HHO1u51e25,,,,,45.6435,-122.6247,anonymous,EN,1,I pay attention,2,3,5,4,7,3,6,3,3,3,3,2,4,,2,51,7,5,5,5,4,5,,5fdbdc853ce8060db67cf718
2024-03-13 16:07:07,2024-03-13 16:08:49,0,99.1.206.185,100,102,1,2024-03-13 16:08:49,R_2db48n0LliJhJWm,,,,,34.0782,-84.6485,anonymous,EN,1,I pay attention,2,5,7,2,6,1,,1,,3,7,2,7,,2,34,5,2,2,5,6,6,,614dd304ed948bbfe8c22215
2024-03-13 16:05:44,2024-03-13 16:08:49,0,172.59.169.42,100,185,1,2024-03-13 16:08:50,R_7IS5aORjiwAia5B,,,,,38.6552,-90.2495,anonymous,EN,1,I pay attention,2,2,5,3,7,3,7,5,7,4,7,3,7,,1,37,6,4,6,2,4,2,,56259489ed6e5a0005c80fde
2024-03-13 16:07:03,2024-03-13 16:08:49,0,99.28.135.36,100,106,1,2024-03-13 16:08:50,R_1mWcNJkt0ZNAUse,,,,,43.058,-85.69,anonymous,EN,1,I pay attention,2,3,5,3,7,2,2,2,2,2,1,3,4,,2,28,5,5,3,3,2,2,,65981895f5721958d1b0499a
2024-03-13 16:06:31,2024-03-13 16:08:53,0,71.113.184.99,100,141,1,2024-03-13 16:08:53,R_3jCVjtY3lixY7eb,,,,,40.1788,-77.0047,anonymous,EN,1,I pay attention,2,3,5,4,6,2,4,2,3,3,3,3,4,,2,56,5,4,3,1,1,1,,5b9efb73d1ff7a00013bfe84
2024-03-13 16:06:17,2024-03-13 16:08:56,0,47.213.63.199,100,158,1,2024-03-13 16:08:56,R_16aHtc99g5lL2Md,,,,,35.2878,-93.1296,anonymous,EN,1,I pay attention,2,3,6,3,6,3,6,3,5,3,6,4,6,,2,45,4,4,3,4,2,4,,615bb35e52d50aa9a2ae6747
2024-03-13 16:06:23,2024-03-13 16:08:56,0,174.162.20.81,100,153,1,2024-03-13 16:08:56,R_57BEAwwydiWWuln,,,,,42.6329,-82.8909,anonymous,EN,1,I pay attention,2,2,7,4,7,3,5,4,7,4,6,5,6,,1,41,6,1,1,6,6,6,,63469e0a9552017beb3cfb82
2024-03-13 16:06:13,2024-03-13 16:08:56,0,71.114.99.245,100,163,1,2024-03-13 16:08:57,R_1nVzpGbERYNEnYd,,,,,38.6438,-77.3451,anonymous,EN,1,I pay attention,2,3,6,3,6,4,6,1,,3,6,4,4,,1,58,5,5,3,3,6,4,,63eb78a1fc614fd7af392873
2024-03-13 16:06:18,2024-03-13 16:08:57,0,174.85.184.21,100,159,1,2024-03-13 16:08:58,R_74oMy3FX0FYs4o3,,,,,34.8287,-86.8889,anonymous,EN,1,I pay attention,2,2,2,4,5,2,2,3,3,5,5,3,5,,1,32,5,2,3,2,5,5,,63474e67a5fd298c6103c409
2024-03-13 16:06:24,2024-03-13 16:08:57,0,108.233.81.229,100,153,1,2024-03-13 16:08:58,R_7MVQiFYcTHy00nF,,,,,37.7562,-121.77,anonymous,EN,1,I pay attention,2,4,5,4,6,1,,3,7,3,4,2,6,,2,49,5,2,2,6,6,5,,59f71f797086f80001941493
2024-03-13 16:06:55,2024-03-13 16:08:57,0,73.34.204.70,100,121,1,2024-03-13 16:08:58,R_7IrTrDmdsHyHnNG,,,,,39.997,-105.0974,anonymous,EN,1,I pay attention,2,4,2,4,5,1,,3,2,3,5,2,1,,2,44,1,1,1,4,4,1,,5d537c0cecc84200153075e9
2024-03-13 16:06:50,2024-03-13 16:08:58,0,67.80.94.223,100,128,1,2024-03-13 16:08:58,R_5bYpjr2T9IVhHDr,,,,,40.8527,-74.6514,anonymous,EN,1,"I pay attention ",2,1,,2,2,1,,2,6,1,,5,7,,2,38,7,7,4,6,6,4,,5f7a28b8bedcf2112ebd1289
2024-03-13 16:06:35,2024-03-13 16:09:00,0,172.59.211.138,100,144,1,2024-03-13 16:09:00,R_7c3DTDDyM66oEZX,,,,,40.7747,-74.2274,anonymous,EN,1,I pay attention,2,4,5,5,5,2,4,4,6,5,6,4,5,,1,50,3,2,2,1,2,2,,648746670a6ffb0022fdb933
2024-03-13 16:06:17,2024-03-13 16:09:04,0,173.21.212.113,100,166,1,2024-03-13 16:09:05,R_1Ps9atLIQyw7tiF,,,,,43.6862,-92.3681,anonymous,EN,1,I pay attention,2,2,5,3,6,3,6,2,6,4,5,3,6,,1,39,3,1,1,2,5,2,,62cef3a68ad303ac017d56a7
2024-03-13 16:06:52,2024-03-13 16:09:04,0,173.240.141.229,100,132,1,2024-03-13 16:09:05,R_7GEr09dFjbkr4j7,,,,,36.5438,-86.0245,anonymous,EN,1,I pay attention,2,5,7,4,6,1,,4,4,1,,2,6,,2,66,4,1,1,6,7,5,,60e4c09a4b30f16f5a1053e7
2024-03-13 16:06:25,2024-03-13 16:09:05,0,96.29.132.148,100,159,1,2024-03-13 16:09:05,R_13QOJVjpDfhw881,,,,,38.22,-85.6942,anonymous,EN,1,I pay attention,2,3,7,3,6,1,,4,4,3,3,5,6,,2,35,1,1,1,1,1,1,,60fd080d5476f4a77211bafb
2024-03-13 16:06:50,2024-03-13 16:09:05,0,71.56.69.211,100,134,1,2024-03-13 16:09:06,R_2en2JVHqg2EU5eq,,,,,33.8266,-84.6007,anonymous,EN,1,I pay attention,2,2,6,2,6,2,3,2,4,2,5,2,4,,2,33,7,5,5,7,7,7,,655fc066df406c5bd0a94a51
2024-03-13 16:07:07,2024-03-13 16:09:08,0,98.110.157.119,100,121,1,2024-03-13 16:09:09,R_5OxigtfoBVkAAKu,,,,,42.2141,-71.6938,anonymous,EN,1,I pay attention,2,1,,2,6,2,3,3,7,5,7,2,4,,2,35,1,1,1,1,1,1,,5fb8b141a2e5dd63494c80f1
2024-03-13 16:06:00,2024-03-13 16:09:09,0,47.225.210.178,100,188,1,2024-03-13 16:09:09,R_2QDyscauGGDDpOi,,,,,44.7499,-93.2081,anonymous,EN,1,I pay attention,2,3,4,2,4,2,4,3,4,4,4,2,3,,1,33,5,4,2,3,5,4,,5e349833001ff8468fda08c6
2024-03-13 16:06:21,2024-03-13 16:09:10,0,73.161.247.123,100,169,1,2024-03-13 16:09:11,R_7j8Lqt8XukcTwLZ,,,,,42.683,-83.388,anonymous,EN,1,I pay attention,2,5,6,4,6,3,5,2,3,4,6,4,5,,1,56,6,3,3,2,2,2,,58ac91c38bf22a00015b91b3
2024-03-13 16:06:47,2024-03-13 16:09:11,0,69.145.82.250,100,144,1,2024-03-13 16:09:12,R_7405wRXQf99xmgx,,,,,47.4953,-111.2493,anonymous,EN,1,I pay attention,2,3,6,4,7,2,3,4,6,3,4,3,5,,1,31,6,5,5,5,6,5,,572d05c688902e00091e4a2c
2024-03-13 16:06:40,2024-03-13 16:09:12,0,67.173.83.9,100,151,1,2024-03-13 16:09:12,R_5XlmGSGkVEHIl2x,,,,,42.1495,-88.0221,anonymous,EN,1,I pay attention,2,3,7,4,7,3,7,2,4,3,5,5,7,,1,35,6,3,3,6,7,5,,5ed543442db0060a955d12e1
2024-03-13 16:07:12,2024-03-13 16:09:13,0,174.210.68.142,100,121,1,2024-03-13 16:09:14,R_3VDav5qYVgSPchf,,,,,35.2426,-80.741,anonymous,EN,1,"I pay attention ",2,5,6,3,6,2,2,3,7,1,,2,4,,2,28,6,6,6,6,6,6,,61117e8d9c4878fdd4551e02
2024-03-13 16:06:15,2024-03-13 16:09:14,0,76.134.31.55,100,178,1,2024-03-13 16:09:14,R_7ccDv0BWI0R3d0l,,,,,34.7264,-92.3444,anonymous,EN,1,I pay attention,2,2,4,4,6,2,1,1,,5,6,2,1,,1,34,1,1,1,1,1,1,,5c91ab9b47fad40011be8306
2024-03-13 16:06:30,2024-03-13 16:09:16,0,76.132.93.37,100,166,1,2024-03-13 16:09:17,R_7fjUJro9Cnl2QQp,,,,,37.6313,-122.0975,anonymous,EN,1,I pay attention,2,3,6,5,5,2,3,3,5,2,4,2,5,,2,49,3,2,4,6,6,5,none,6422f34be2b8257efb345837
2024-03-13 16:06:37,2024-03-13 16:09:16,0,24.92.36.242,100,159,1,2024-03-13 16:09:17,R_3znMF0YxxFMh3sd,,,,,42.9967,-78.1969,anonymous,EN,1,i pay attention,2,2,3,4,5,2,5,3,6,4,4,5,7,,2,62,5,1,1,5,4,1,no,5cd6c1197b871a0001b13589
2024-03-13 16:06:36,2024-03-13 16:09:18,0,136.49.195.67,100,162,1,2024-03-13 16:09:18,R_5G2LtsXwZMCPO54,,,,,30.1746,-97.8203,anonymous,EN,1,I pay attention,2,3,5,4,6,2,2,4,4,2,4,3,5,,2,62,6,5,7,5,4,3,,65c523100ad7bf41ef536598
2024-03-13 16:06:32,2024-03-13 16:09:19,0,73.217.128.90,100,167,1,2024-03-13 16:09:19,R_1dwVroYQ9kgA8jD,,,,,32.9918,-80.1187,anonymous,EN,1,I pay attention,2,2,4,4,6,3,7,1,,5,5,5,7,,1,32,2,1,1,3,3,5,,644c34bee80856c9546c7312
2024-03-13 16:06:41,2024-03-13 16:09:19,0,35.137.229.146,100,157,1,2024-03-13 16:09:19,R_76xnWnLlLTVSkZH,,,,,27.8485,-82.7944,anonymous,EN,1,I pay attention,2,2,4,3,5,3,6,3,6,3,3,3,5,,1,44,4,2,2,3,2,3,,63d15e1be853005ff591b935
2024-03-13 16:07:27,2024-03-13 16:09:19,0,72.192.178.157,100,112,1,2024-03-13 16:09:20,R_6Ykqrc58tZiTJUR,,,,,32.7405,-117.0935,anonymous,EN,1,I pay attention,2,2,4,4,6,4,7,2,6,5,6,3,7,,1,42,6,3,2,2,2,2,,63d13b44f511eff0aef876f2
2024-03-13 16:05:57,2024-03-13 16:09:19,0,173.27.185.86,100,202,1,2024-03-13 16:09:20,R_1NII8IhZNnNAsf7,,,,,30.4003,-87.0288,anonymous,EN,1,I pay attention,2,3,3,3,3,2,3,4,3,3,3,2,3,,1,34,5,4,3,5,6,6,,5e8b89d0afcb1606e761ef7f
2024-03-13 16:06:46,2024-03-13 16:09:21,0,65.188.39.31,100,154,1,2024-03-13 16:09:21,R_3s6cfMIyKjGjF6Z,,,,,33.9632,-80.9341,anonymous,EN,1,I pay attention,2,2,5,5,7,2,5,3,3,5,7,4,5,,1,45,7,3,4,7,1,6,,632b947efa9da6a9bde31f94
2024-03-13 16:06:39,2024-03-13 16:09:21,0,184.13.88.88,100,162,1,2024-03-13 16:09:22,R_1qpowMTM8thWyCB,,,,,38.4071,-81.6737,anonymous,EN,1,I pay attention,2,3,5,3,5,2,3,1,,1,,3,5,,1,49,4,3,2,4,4,4,,5ce9c6df6b2b3d001a94b24f
2024-03-13 16:06:54,2024-03-13 16:09:22,0,63.155.25.12,100,147,1,2024-03-13 16:09:22,R_2o232x2g5Wzl45H,,,,,44.0991,-123.1371,anonymous,EN,1,I pay attention,2,4,6,3,6,3,6,5,6,4,2,4,6,,2,37,1,1,1,5,5,1,,5c4353086ce36f0001205f65
2024-03-13 16:06:17,2024-03-13 16:09:22,0,68.237.70.177,100,185,1,2024-03-13 16:09:23,R_1mktQNlCqeubPfa,,,,,40.6505,-73.5832,anonymous,EN,1,I pay attention,2,2,7,4,7,1,,3,7,2,7,4,7,,1,46,4,2,2,4,4,4,,5eb070eb793af1113c01e244
2024-03-13 16:06:58,2024-03-13 16:09:23,0,98.242.165.136,100,144,1,2024-03-13 16:09:23,R_5oyBVVnYwOcfTSa,,,,,30.223,-81.7595,anonymous,EN,1,I pay attention,2,2,5,4,6,1,,2,4,5,7,4,6,,2,35,7,3,6,4,1,4,,5700616b8a49c7000d0c73ad
2024-03-13 16:06:34,2024-03-13 16:09:23,0,174.86.156.151,100,169,1,2024-03-13 16:09:23,R_3iO4vpjJpwqJqFL,,,,,38.5682,-89.8965,anonymous,EN,1,I pay attention,2,3,5,5,6,2,3,3,6,4,4,3,3,,2,49,6,2,2,5,2,3,none,5d88db42c1d06e001a1fdcab
2024-03-13 16:07:03,2024-03-13 16:09:23,0,173.24.227.49,100,139,1,2024-03-13 16:09:24,R_76pmOg5vUnsL56h,,,,,37.168,-93.3039,anonymous,EN,1,I pay attention,2,2,4,3,5,2,3,3,6,4,6,2,3,,1,36,1,6,1,5,4,4,,6325b8a7fcafb1208f542e93
2024-03-13 16:06:33,2024-03-13 16:09:23,0,73.175.198.209,100,170,1,2024-03-13 16:09:24,R_7rB1XfXoMwVcY1E,,,,,40.2389,-77.1935,anonymous,EN,1,I pay attention,2,3,6,2,6,1,,2,3,4,5,3,5,,2,42,4,2,2,4,3,2,,6400e07f37c248e81cbc9d41
2024-03-13 16:06:40,2024-03-13 16:09:24,0,24.21.230.192,100,164,1,2024-03-13 16:09:24,R_79m5EYcaAzlsRYl,,,,,45.6952,-122.6541,anonymous,EN,1,I pay attention,2,4,5,4,5,2,5,3,4,4,5,3,5,,1,36,6,4,4,6,6,6,,5a7a1973000dab00018c3410
2024-03-13 16:06:39,2024-03-13 16:09:24,0,72.214.88.188,100,164,1,2024-03-13 16:09:25,R_1k6BNtBDQNuvV8f,,,,,37.1538,-76.539,anonymous,EN,1,I pay attention,2,3,5,5,7,1,,2,6,1,,5,7,,2,37,1,1,1,3,1,1,,5dc8bc757d735061e97c89c1
2024-03-13 16:06:22,2024-03-13 16:09:25,0,104.178.202.172,100,183,1,2024-03-13 16:09:25,R_7OkLm98hRqqgma1,,,,,33.8088,-84.2815,anonymous,EN,1,I pay attention,2,3,6,5,7,4,5,5,7,5,5,3,5,,1,52,4,1,1,7,7,7,,62b5da77688feb883eba275d
2024-03-13 16:06:35,2024-03-13 16:09:25,0,68.38.142.53,100,169,1,2024-03-13 16:09:25,R_1PvhMdMq4KkojUr,,,,,39.1397,-86.5141,anonymous,EN,1,I pay attention,2,1,,5,2,1,,4,7,2,4,5,7,,2,49,1,1,1,1,1,1,,62d133496cf7f774b8bf98a0
2024-03-13 16:06:22,2024-03-13 16:09:28,0,174.100.1.33,100,186,1,2024-03-13 16:09:28,R_5oECYJOAmv1SAB0,,,,,42.0753,-80.0671,anonymous,EN,1,I pay attention,2,4,5,3,5,4,6,4,4,3,6,3,5,,1,66,5,3,3,4,4,4,,614f6bad672ef7cf5ecfd965
2024-03-13 16:06:44,2024-03-13 16:09:30,0,63.66.70.2,100,165,1,2024-03-13 16:09:30,R_7gHSFz58Y3PQYGR,,,,,39.4226,-74.4959,anonymous,EN,1,I pay attention,2,4,5,4,5,1,,2,3,1,,5,6,,2,62,3,3,1,1,1,2,,5c794023c44ec600161822b0
2024-03-13 16:07:41,2024-03-13 16:09:31,0,98.242.179.18,100,110,1,2024-03-13 16:09:32,R_6LcDusMyNMODb40,,,,,26.0219,-80.3003,anonymous,EN,1,I pay attention,2,5,6,2,5,1,,2,4,4,4,3,5,,2,29,5,2,2,5,4,3,,655f96e689f922fe983fed35
2024-03-13 16:06:11,2024-03-13 16:09:31,0,98.236.164.184,100,200,1,2024-03-13 16:09:32,R_5IJ07oiyWKTdqyl,,,,,40.9958,-80.3264,anonymous,EN,1,I pay attention,2,4,7,5,7,3,6,3,5,3,7,5,7,,2,32,3,1,1,1,1,1,,5bd494e5669ee1000144c587
2024-03-13 16:06:59,2024-03-13 16:09:33,0,47.230.167.138,100,153,1,2024-03-13 16:09:33,R_5f2AeaLi5RtW9V4,,,,,40.7609,-73.9115,anonymous,EN,1,I pay attention,2,4,4,3,5,3,7,1,,3,2,3,5,,2,34,6,5,6,2,1,1,,63d7f3ae61f4433fffd2bdb1
2024-03-13 16:07:09,2024-03-13 16:09:33,0,73.219.59.19,100,143,1,2024-03-13 16:09:33,R_3iuV56nF31OMABX,,,,,41.6135,-70.4769,anonymous,EN,1,I pay attention,2,3,7,3,7,1,,2,4,3,6,3,7,,2,60,6,5,4,5,5,6,None,63d5daa80d80a745de740c13
2024-03-13 16:06:18,2024-03-13 16:09:33,0,184.176.67.38,100,194,1,2024-03-13 16:09:33,R_1o4QaowpIPCXVq0,,,,,33.5988,-111.8795,anonymous,EN,1,I pay attention,2,3,5,4,5,1,,3,6,1,,4,3,,1,61,5,5,4,2,2,2,,642f6ac1b10ead55a45175ab
2024-03-13 16:06:50,2024-03-13 16:09:33,0,108.35.62.212,100,163,1,2024-03-13 16:09:33,R_5EsNSNt5bwZv3Hx,,,,,41.0095,-74.0079,anonymous,EN,1,I pay attention,2,3,7,4,7,2,5,5,7,3,7,3,7,,2,55,6,5,5,5,5,5,,6501bb247a918443bb34fc33
2024-03-13 16:06:44,2024-03-13 16:09:33,0,47.37.119.39,100,169,1,2024-03-13 16:09:33,R_7J80MVVRwUmiV9v,,,,,33.0199,-97.213,anonymous,EN,1,"I pay attention ",2,5,7,5,7,2,4,5,7,1,,3,7,,2,44,2,1,5,5,2,2,,65e60560d30080973c97b387
2024-03-13 16:06:12,2024-03-13 16:09:33,0,24.239.76.232,100,200,1,2024-03-13 16:09:34,R_1QKEfzeetwAAwTy,,,,,41.0272,-80.7518,anonymous,EN,1,I pay attention,2,2,5,2,5,1,,2,2,4,6,2,6,,2,47,6,3,4,2,2,2,,5db0a97f127d4000117cdfa0
2024-03-13 16:06:07,2024-03-13 16:09:34,0,65.131.253.173,100,207,1,2024-03-13 16:09:35,R_1cD4rsJQCR7cWUp,,,,,28.7115,-81.5135,anonymous,EN,1,I pay attention,2,5,6,4,6,1,,2,6,4,5,2,6,,2,30,2,2,2,2,2,2,,599b410ab5566b0001aa86db
2024-03-13 16:05:22,2024-03-13 16:09:36,0,71.195.100.221,100,253,1,2024-03-13 16:09:36,R_36f2Z4Bm7mBcfD9,,,,,37.3472,-120.6039,anonymous,EN,1,I pay attention,2,2,4,3,5,2,3,3,4,3,6,2,2,,1,30,3,2,2,2,2,2,,60e364349645120ba12a3d70
2024-03-13 16:07:04,2024-03-13 16:09:37,0,70.34.81.190,100,153,1,2024-03-13 16:09:37,R_7KeigkJdQrGjFkQ,,,,,41.1462,-73.9966,anonymous,EN,1,I pay attention,2,2,5,4,6,1,,3,4,5,6,4,6,,1,43,6,4,2,6,6,5,,58f0fca0d40252000192f201
2024-03-13 16:07:12,2024-03-13 16:09:40,0,75.133.155.168,100,148,1,2024-03-13 16:09:41,R_3qQZybYJJwk0cm2,,,,,37.7759,-90.4071,anonymous,EN,1,I pay attention,2,4,6,2,6,1,,5,3,3,3,4,6,,2,70,3,2,1,6,7,6,none,62897d2024f826ea90b7efa1
2024-03-13 16:06:21,2024-03-13 16:09:42,0,72.82.245.33,100,200,1,2024-03-13 16:09:42,R_3j6BzwzFq9dRIvP,,,,,39.7513,-74.9999,anonymous,EN,1,I pay attention,2,4,6,4,5,1,,2,2,5,7,3,4,,1,37,4,4,4,4,4,4,,5e89533c4d3d675e800bfc7c
2024-03-13 16:06:33,2024-03-13 16:09:43,0,107.214.14.147,100,189,1,2024-03-13 16:09:43,R_30GX33P81SDDUIZ,,,,,37.7042,-97.2778,anonymous,EN,1,I pay attention,2,5,6,3,4,3,5,4,4,2,2,3,6,,3,32,2,1,1,2,2,1,,5df92adad52c7b6b38b5012d
2024-03-13 16:06:47,2024-03-13 16:09:44,0,199.168.76.175,100,176,1,2024-03-13 16:09:44,R_53VQi4skrJ6EJLf,,,,,39.9594,-86.0199,anonymous,EN,1,I pay attention,2,4,5,4,4,4,5,4,6,3,4,4,4,,1,30,2,3,3,2,3,2,,5a4c1ecaefd8df0001d34305
2024-03-13 16:06:23,2024-03-13 16:09:45,0,184.190.198.149,100,202,1,2024-03-13 16:09:45,R_3D5NwYJYMg9mZ3F,,,,,30.1597,-92.0258,anonymous,EN,1,I pay attention,2,3,6,5,7,2,5,5,7,3,7,5,7,,2,51,1,1,1,6,5,5,,58fe1c529dc84a000134e24e
2024-03-13 16:06:30,2024-03-13 16:09:49,0,172.100.121.67,100,199,1,2024-03-13 16:09:49,R_77ef238r6MimAxR,,,,,42.6701,-73.7754,anonymous,EN,1,I pay attention,2,2,6,2,1,1,,4,6,4,2,2,1,,2,21,3,1,1,1,2,4,,6079ff1600ff2b7455e1c3e0
2024-03-13 16:06:57,2024-03-13 16:09:49,0,71.162.2.89,100,171,1,2024-03-13 16:09:50,R_7A3BoOd059hbO3D,,,,,40.4725,-79.9109,anonymous,EN,1,I pay attention,2,2,2,3,2,3,6,4,6,4,5,5,6,,1,32,5,5,5,3,5,5,,601b28841ca7bb2f8edaa293
2024-03-13 16:06:25,2024-03-13 16:09:50,0,70.112.182.209,100,204,1,2024-03-13 16:09:51,R_3qJ71iYYV0TYT2Q,,,,,39.0537,-94.5906,anonymous,EN,1,I pay attention,2,3,6,4,6,2,6,5,5,3,6,2,5,,1,51,1,1,1,5,5,1,There were no issues or problems with the survey and everything was explained clearly.,5f6fd1451758e95a989623b2
2024-03-13 16:06:35,2024-03-13 16:09:50,0,173.169.137.225,100,195,1,2024-03-13 16:09:51,R_7ACndxJuLzdyOrf,,,,,28.1951,-81.6062,anonymous,EN,1,I pay attention,2,2,4,3,5,2,5,2,6,2,5,4,6,,1,37,5,3,2,6,6,6,none,60cb3c4b9454f7a196355088
2024-03-13 16:06:10,2024-03-13 16:09:51,0,98.115.47.233,100,221,1,2024-03-13 16:09:51,R_5nrcnR73LbJtkHB,,,,,40.058,-75.1876,anonymous,EN,1,I pay attention,2,2,6,3,6,3,6,2,4,3,5,3,6,,1,55,6,5,4,1,2,2,,57dd766bbcd7150001ded5de
2024-03-13 16:06:19,2024-03-13 16:09:52,0,170.85.72.208,100,212,1,2024-03-13 16:09:52,R_7HIjqCUXatm6ujS,,,,,40.7123,-74.0068,anonymous,EN,1,I pay attention,2,3,6,5,6,1,,3,4,3,6,4,7,,1,48,3,2,4,5,5,4,,5f7529755aaa0e1a6e804640
2024-03-13 16:06:20,2024-03-13 16:09:56,0,97.124.254.88,100,215,1,2024-03-13 16:09:56,R_7P4W8pZkq8KAfyN,,,,,33.5038,-112.0253,anonymous,EN,1,I pay attention,2,3,6,5,7,2,6,5,5,2,6,3,6,,2,53,7,7,6,5,6,5,,5e121701dc79bd8a1a22ca99
2024-03-13 16:06:52,2024-03-13 16:09:57,0,174.213.215.236,100,184,1,2024-03-13 16:09:57,R_1oX618lYhtHsK9U,,,,,38.9592,-94.5961,anonymous,EN,1,I pay attention,2,3,7,5,7,4,7,2,4,3,3,1,,,3,39,1,1,1,5,1,1,,5d58d7d6280de7001aa7952a
2024-03-13 16:05:42,2024-03-13 16:10:01,0,141.158.44.222,100,259,1,2024-03-13 16:10:01,R_3gh9LEB5JC9rCpz,,,,,39.9206,-75.1826,anonymous,EN,1,I pay attention,2,4,6,5,6,4,5,2,6,3,5,3,5,,1,37,4,4,2,3,4,4,,5f16f559325a640008bb9a07
2024-03-13 16:06:12,2024-03-13 16:10:01,0,75.213.29.5,100,229,1,2024-03-13 16:10:02,R_19mkFuG8HRi3cdV,,,,,47.5741,-122.3975,anonymous,EN,1,I pay attention,2,3,5,4,6,3,6,3,5,3,5,4,7,,1,30,6,5,5,7,7,7,,5c8676deddda2d00012ad386
2024-03-13 16:06:44,2024-03-13 16:10:03,0,108.66.212.109,100,198,1,2024-03-13 16:10:03,R_3CVMwD8sjZZMb7P,,,,,35.7109,-78.6594,anonymous,EN,1,I pay attention,2,2,4,2,4,3,3,3,4,4,7,2,3,,1,29,2,1,1,6,7,7,,5e31861e9d3234159c6cb9f7
2024-03-13 16:07:16,2024-03-13 16:10:05,0,99.131.1.131,100,168,1,2024-03-13 16:10:05,R_3Uab7dFomoLDbcN,,,,,32.3974,-93.8052,anonymous,EN,1,I pay attention,2,5,7,3,7,1,,2,4,1,,3,6,,2,70,1,1,1,1,1,1,None,62d59a066ee263bb659aa445
2024-03-13 16:06:44,2024-03-13 16:10:06,0,76.36.231.19,100,202,1,2024-03-13 16:10:07,R_5jk4xrmLm5KxGww,,,,,35.2945,-78.0283,anonymous,EN,1,I pay attention,2,3,6,4,6,3,4,5,7,5,7,2,4,,2,32,5,1,1,1,1,2,,5590284efdf99b3f6868c161
2024-03-13 16:06:39,2024-03-13 16:10:08,0,184.57.219.147,100,208,1,2024-03-13 16:10:08,R_77eDpkTd3Akt2w9,,,,,39.2413,-84.5455,anonymous,EN,1,I pay attention,2,3,6,4,6,2,6,2,4,5,7,3,5,,1,42,3,1,2,5,5,5,,58a5d6527cf56d0001f92567
2024-03-13 16:07:19,2024-03-13 16:10:08,0,73.138.120.106,100,168,1,2024-03-13 16:10:08,R_1tL4O0YB88ncYfp,,,,,26.2681,-80.2092,anonymous,EN,1,I pay attention,2,2,6,5,7,3,7,3,4,1,,4,6,,2,61,6,6,4,3,2,3,,656bf8db45e28d808d0160a7
2024-03-13 16:06:40,2024-03-13 16:10:08,0,64.121.25.133,100,208,1,2024-03-13 16:10:09,R_5GkBR1mmVPkRpPu,,,,,40.7476,-75.2177,anonymous,EN,1,I pay attention,2,2,2,3,2,1,,2,2,2,2,3,4,,2,37,2,2,2,2,2,2,no,5feb962bf4e233c940073833
2024-03-13 16:06:18,2024-03-13 16:10:10,0,162.210.171.92,100,231,1,2024-03-13 16:10:10,R_1fitIORUnOMmIkS,,,,,32.9758,-80.1869,anonymous,EN,1,I pay attention,2,2,7,5,7,1,,3,7,2,5,3,7,,1,48,4,2,2,3,3,2,None,562a8b949e2b900012006e88
2024-03-13 16:06:26,2024-03-13 16:10:10,0,70.189.47.239,100,223,1,2024-03-13 16:10:11,R_3Dx6UPYJuZGb9AH,,,,,30.1597,-92.0258,anonymous,EN,1,I pay attention,2,4,6,3,5,2,3,4,2,3,6,4,4,,1,30,5,3,3,7,7,7,,6238b95932e705108020765a
2024-03-13 16:05:55,2024-03-13 16:10:12,0,23.93.101.234,100,257,1,2024-03-13 16:10:13,R_23suNg9R1VJfjiw,,,,,37.8922,-122.2729,anonymous,EN,1,I pay attention,2,2,6,4,7,2,6,2,4,2,5,2,5,,1,44,6,2,2,2,5,3,,62a15df1dd6fa394ea04f063
2024-03-13 16:06:35,2024-03-13 16:10:13,0,76.93.94.152,100,217,1,2024-03-13 16:10:13,R_5oe97Td3H9AGdSF,,,,,34.1483,-118.0016,anonymous,EN,1,I pay attention,2,2,4,3,6,1,,3,5,3,6,3,6,,2,60,6,3,3,4,3,5,,59f226a9d6380600018b2923
2024-03-13 16:06:55,2024-03-13 16:10:15,0,73.34.244.240,100,199,1,2024-03-13 16:10:16,R_7ix9aNsOQIlrm93,,,,,39.9038,-104.9419,anonymous,EN,1,I pay attention,2,3,4,4,6,1,,2,2,1,,3,5,,2,54,4,3,1,2,2,2,none,6383c45c33cfe57f57d049a9
2024-03-13 16:06:42,2024-03-13 16:10:15,0,72.201.18.236,100,212,1,2024-03-13 16:10:16,R_5louxByTJgloA3t,,,,,33.3289,-111.8658,anonymous,EN,1,I pay attention,1,2,5,4,5,2,3,3,5,1,,3,7,,2,54,6,5,4,2,1,1,No problems.,65384d4f1c35096f3f32e972
2024-03-13 16:07:04,2024-03-13 16:10:18,0,108.30.110.195,100,194,1,2024-03-13 16:10:18,R_5fpr558AKPKmSjv,,,,,40.5948,-73.9715,anonymous,EN,1,I pay attention,2,3,6,5,7,2,3,2,6,2,4,2,6,,2,26,2,1,1,2,1,1,,65cb726783d6b993fc75b29e
2024-03-13 16:06:42,2024-03-13 16:10:20,0,174.161.144.223,100,217,1,2024-03-13 16:10:20,R_3R1HhrjWSPqdslA,,,,,35.164,-89.7826,anonymous,EN,1,I pay attention,2,5,7,3,6,3,6,5,5,1,,3,6,,2,75,7,3,4,5,6,4,,60a7c4434b322876925afaa3
2024-03-13 16:06:08,2024-03-13 16:10:21,0,69.219.162.88,100,252,1,2024-03-13 16:10:21,R_1Kx9ASgNvDOtfcZ,,,,,40.5585,-122.4139,anonymous,EN,1,I pay attention,1,2,4,5,6,2,3,1,,5,7,5,6,,1,37,5,3,4,4,4,3,Great study enjoyed taking it everything went perfect.,5f276d8f38b9f857f5cebf21
2024-03-13 16:05:50,2024-03-13 16:10:25,0,74.96.8.194,100,274,1,2024-03-13 16:10:26,R_1rS0NghU9Qc02Jj,,,,,38.8452,-77.4651,anonymous,EN,1,I pay attention,1,2,4,5,6,1,,2,6,4,5,2,4,,1,34,1,2,1,1,2,2,,5da8edc60f9c9c0017526948
2024-03-13 16:06:20,2024-03-13 16:10:26,0,68.173.137.138,100,246,1,2024-03-13 16:10:27,R_5eRBvHXBxehqXZ7,,,,,41.4535,-74.4774,anonymous,EN,1,I pay attention,2,2,1,4,3,1,,1,,5,2,2,3,,1,28,6,4,4,6,5,5,,603ecd847a63f50124aa5822
2024-03-13 16:06:47,2024-03-13 16:10:27,0,98.230.81.5,100,219,1,2024-03-13 16:10:27,R_7ifTWWKgYX0SF3P,,,,,30.5218,-84.2626,anonymous,EN,1,I pay attention,1,2,5,4,6,3,4,4,5,3,1,4,6,,1,50,5,2,3,3,2,2,,5694e7b5e0c800000b5a3841
2024-03-13 16:06:47,2024-03-13 16:10:31,0,104.231.97.46,100,223,1,2024-03-13 16:10:31,R_52MkjSejUETf87H,,,,,41.6868,-81.3399,anonymous,EN,1,I pay attention,2,5,7,3,7,4,7,4,7,4,7,3,7,,1,36,1,1,1,1,1,1,,590208c89571f50001c666e3
2024-03-13 16:07:06,2024-03-13 16:10:33,0,174.126.6.38,100,207,1,2024-03-13 16:10:33,R_1mfMRjs0rlp9741,,,,,37.2304,-95.7004,anonymous,EN,1,I pay attention,2,3,6,3,6,1,,2,3,3,2,1,,,2,41,6,2,2,2,1,1,,5dd2f94a238a913096c52317
2024-03-13 16:06:48,2024-03-13 16:10:34,0,65.189.249.150,100,225,1,2024-03-13 16:10:34,R_5estZIFLXrMM8x3,,,,,37.7548,-84.2985,anonymous,EN,1,I pay attention,2,2,4,3,5,1,,3,6,1,,4,6,,2,65,4,2,1,1,1,1,no,5b54b7622680970001a9a7c9
2024-03-13 16:07:05,2024-03-13 16:10:36,0,206.0.135.43,100,210,1,2024-03-13 16:10:36,R_5aW1eRty0r6Bxpn,,,,,43.0711,-71.7182,anonymous,EN,1,I pay attention,2,5,7,5,7,1,,1,,1,,3,5,,2,43,6,1,1,1,1,1,,571a79cc6a1c6300134b8e28
2024-03-13 16:06:47,2024-03-13 16:10:36,0,75.9.164.84,100,229,1,2024-03-13 16:10:36,R_7OQ2XdowljeQus5,,,,,43.0805,-88.2835,anonymous,EN,1,"I pay attention ",2,3,6,4,7,1,,3,5,1,,5,7,,2,38,5,2,2,7,6,5,No,5ea3b1b9fc11ed33dde53561
2024-03-13 16:06:32,2024-03-13 16:10:38,0,172.11.51.206,100,246,1,2024-03-13 16:10:39,R_1D688WdhXDTHf7U,,,,,41.4377,-81.8088,anonymous,EN,1,I pay attention,2,3,5,3,4,2,4,2,3,2,2,3,3,,1,60,5,3,4,5,5,5,,62ef104b5e9352c2ead31fde
2024-03-13 16:06:32,2024-03-13 16:10:39,0,97.87.4.154,100,246,1,2024-03-13 16:10:39,R_74vdULSpIA9CZtD,,,,,43.1899,-89.2185,anonymous,EN,1,I pay attention,2,4,6,3,6,3,6,3,4,4,6,4,6,,1,47,2,2,2,4,3,4,,566a3e0e7da0350012b3ec49
2024-03-13 16:07:11,2024-03-13 16:10:41,0,172.116.3.0,100,210,1,2024-03-13 16:10:42,R_7HnMYGEcEOYrCKO,,,,,34.0124,-118.3414,anonymous,EN,1,I pay attention,2,5,6,5,6,2,4,5,4,5,7,5,7,,2,30,1,1,1,5,5,7,,5f326f3697c53601f394368a
2024-03-13 16:06:58,2024-03-13 16:10:45,0,68.202.105.171,100,227,1,2024-03-13 16:10:46,R_2i3LZReWQehLjqh,,,,,28.9025,-81.248,anonymous,EN,1,I pay attention,2,2,5,3,5,2,5,3,4,1,,4,3,,2,60,5,2,3,5,5,4,thank you,5bb10d4288f88d0001f3d151
2024-03-13 16:06:53,2024-03-13 16:10:46,0,99.62.191.38,100,233,1,2024-03-13 16:10:46,R_1rNChlQMwA1Iu2f,,,,,26.2134,-80.2239,anonymous,EN,1,I pay attention,2,3,6,3,7,1,,2,4,1,,4,7,,2,70,7,5,3,6,6,6,,5c8eb16ed169ac0001c27629
2024-03-13 16:07:18,2024-03-13 16:10:48,0,98.146.194.160,100,210,1,2024-03-13 16:10:49,R_5UWrBSYz1DmRGxT,,,,,46.7314,-117.1733,anonymous,EN,1,I pay attention,2,5,3,2,3,4,6,3,4,1,,3,5,,2,69,6,2,3,5,6,5,,64b74fc78ad5beabe87e901f
2024-03-13 16:06:40,2024-03-13 16:10:50,0,98.143.11.83,100,249,1,2024-03-13 16:10:50,R_75VR8lE9XJtqHdf,,,,,35.3833,-85.3945,anonymous,EN,1,I pay attention,2,1,,4,5,1,,3,4,2,4,3,6,,1,50,6,6,7,6,5,6,None,60171c9b1a726593103182b3
2024-03-13 16:06:48,2024-03-13 16:10:53,0,96.253.97.132,100,244,1,2024-03-13 16:10:53,R_58P3FPkk82B2Z2h,,,,,37.5137,-77.2664,anonymous,EN,1,I pay attention,2,4,6,5,6,3,6,2,6,2,6,3,7,,2,57,4,2,2,3,2,1,,5a8c2da3eea3d300016ea27c
2024-03-13 16:06:07,2024-03-13 16:10:55,0,98.251.55.160,100,288,1,2024-03-13 16:10:55,R_7joHaoT4ASHo1X3,,,,,33.9978,-83.7124,anonymous,EN,1,I pay attention,2,4,7,5,7,4,7,3,4,4,7,3,7,,1,55,3,3,3,2,1,1,none,6516d8eb49865c2cea5ff3d8
2024-03-13 16:06:59,2024-03-13 16:10:57,0,76.158.240.94,100,237,1,2024-03-13 16:10:57,R_7nI480Ab4S64xtc,,,,,36.7851,-119.825,anonymous,EN,1,I pay attention,2,4,7,4,7,4,7,3,7,2,3,4,7,,2,53,6,2,4,1,1,1,,6568dafdeb07242f0c14f6d8
2024-03-13 16:06:26,2024-03-13 16:11:00,0,172.59.69.137,100,274,1,2024-03-13 16:11:01,R_25gn86pqjv6vNTz,,,,,30.2712,-81.7529,anonymous,EN,1,I pay attention,2,3,6,4,7,5,7,2,7,5,7,3,5,,1,45,2,2,2,1,1,1,,65c125b0b25e55f347146839
2024-03-13 16:06:38,2024-03-13 16:11:03,0,73.237.143.21,100,264,1,2024-03-13 16:11:04,R_7g6lnBWMhyWEcj9,,,,,33.9978,-83.7124,anonymous,EN,1,I pay attention,2,2,5,3,5,1,,1,,3,5,2,5,,1,54,5,1,2,2,2,1,,626976d0dfd20d6832fc92aa
2024-03-13 16:07:51,2024-03-13 16:11:13,0,98.58.82.32,100,202,1,2024-03-13 16:11:14,R_2u79gGgVi9qORUJ,,,,,26.6067,-81.9507,anonymous,EN,1,I pay attention,2,2,6,3,7,1,,3,3,2,2,5,7,,2,59,3,3,3,4,3,2,,6483f9ebf7986bdbdbc0598c
2024-03-13 16:06:42,2024-03-13 16:11:14,0,174.231.133.176,100,272,1,2024-03-13 16:11:15,R_2KFVGjXj3pJeyXL,,,,,47.3831,-122.2092,anonymous,EN,1,"i pay attention ",2,5,5,3,5,2,6,3,4,3,5,4,6,,2,27,1,2,3,5,3,3,,5f6508ebfd58980690e17385
2024-03-13 16:06:52,2024-03-13 16:11:18,0,69.143.60.153,100,265,1,2024-03-13 16:11:18,R_317bfKfEMQu6Mcx,,,,,39.068,-76.9933,anonymous,EN,1,I pay attention,2,3,6,4,6,3,5,1,,3,6,3,6,,2,36,6,4,2,2,2,4,,65c3ba95f32ed13b1a9aa2ca
2024-03-13 16:08:03,2024-03-13 16:11:19,0,100.10.34.27,100,196,1,2024-03-13 16:11:19,R_1OdCmyGqeCEQSXD,,,,,41.701,-71.5194,anonymous,EN,1,I pay attention,2,2,6,3,7,3,7,1,,5,6,2,7,,1,34,7,1,1,1,1,1,,65ecbbfd7c441da2b07a6faa
2024-03-13 16:06:55,2024-03-13 16:11:24,0,174.196.205.252,100,268,1,2024-03-13 16:11:24,R_7qhY53pHJ1DBABj,,,,,42.3464,-71.0975,anonymous,EN,1,I pay attention,2,3,6,3,6,2,5,4,7,2,5,3,6,,2,48,6,6,4,6,5,6,,5f31371991595a5ebca006cb
2024-03-13 16:06:54,2024-03-13 16:11:24,0,204.29.115.222,100,270,1,2024-03-13 16:11:26,R_3I3ByyLQTKFK9dn,,,,,33.4355,-86.1131,anonymous,EN,1,I pay attention,1,3,5,4,5,2,4,3,4,3,5,2,3,,2,40,4,4,4,4,4,4,none,63d13c066352266a8621cc2a
2024-03-13 16:06:22,2024-03-13 16:11:32,0,97.154.189.26,100,309,1,2024-03-13 16:11:32,R_5tBHZmzN61DllHr,,,,,32.8619,-97.3427,anonymous,EN,1,I pay attention,2,1,,5,6,3,6,2,3,5,6,4,6,,1,33,5,1,1,5,7,6,,5cc8f511f24f6c001c1692a9
2024-03-13 16:07:00,2024-03-13 16:11:37,0,184.167.157.179,100,277,1,2024-03-13 16:11:38,R_4wFClFA2kD6kezB,,,,,42.8264,-106.2867,anonymous,EN,1,I pay attention,2,3,6,2,6,2,4,4,7,3,5,3,5,,2,63,5,1,4,1,2,1,,65ccf6eeac32789a604de955
2024-03-13 16:06:36,2024-03-13 16:11:45,0,172.58.15.97,100,309,1,2024-03-13 16:11:46,R_5oC9iVnknnDvbbd,,,,,44.9834,-93.2622,anonymous,EN,1,I pay attention,2,3,6,5,5,1,,3,4,4,4,4,7,,1,51,1,3,1,1,1,2,,648a1d21a3372cbf1e7a499d
2024-03-13 16:06:53,2024-03-13 16:11:48,0,50.107.184.5,100,295,1,2024-03-13 16:11:49,R_7DTe8usFtwI8t0J,,,,,41.8413,-75.8795,anonymous,EN,1,I pay attention,2,3,6,4,6,2,6,3,5,1,,3,6,,2,47,6,4,4,6,4,4,Everything was fine,5d83dba73dfcaa0019a3125f
2024-03-13 16:06:06,2024-03-13 16:12:00,0,74.140.107.162,100,353,1,2024-03-13 16:12:00,R_1hDQ2KIEZAZVTDt,,,,,40.0732,-82.4017,anonymous,EN,1,I pay attention,2,3,6,4,5,3,6,3,4,4,6,4,6,,1,35,1,3,1,1,1,1,,5f2f03deec679e2cf4a992e6
2024-03-13 16:06:45,2024-03-13 16:12:00,0,66.61.119.4,100,314,1,2024-03-13 16:12:01,R_7pMCSvDLbV0XyKm,,,,,40.8784,-82.6541,anonymous,EN,1,I pay attention,2,4,6,4,7,1,,3,1,3,2,3,5,,2,38,1,1,1,1,1,3,,65c0426ec8e91b3051f3a0b4
2024-03-13 16:06:48,2024-03-13 16:12:02,0,97.137.252.185,100,313,1,2024-03-13 16:12:02,R_7fUGsnAb1auMB2G,,,,,30.0121,-90.1658,anonymous,EN,1,I pay attention,2,5,6,5,6,4,7,4,5,3,6,3,6,,1,74,6,2,2,2,2,2,,610d6c481ca4797b863fe3d1
2024-03-13 16:07:07,2024-03-13 16:12:03,0,73.173.86.235,100,295,1,2024-03-13 16:12:03,R_10bMKo1L2DSp8jA,,,,,38.5177,-76.7813,anonymous,EN,1,I pay attention,2,5,5,2,1,1,,1,,1,,1,,,2,24,7,7,7,7,7,7,,5ef246c6d2b9060809858e7e
2024-03-13 16:06:52,2024-03-13 16:12:14,0,174.63.20.85,100,321,1,2024-03-13 16:12:15,R_5gi3sT36zWvkJ3D,,,,,39.6973,-104.8394,anonymous,EN,1,I pay attention,2,2,2,3,6,3,5,3,2,4,3,3,5,,2,65,5,3,2,7,7,7,,63acbbe336a9ca92853dca4a
2024-03-13 16:06:07,2024-03-13 16:12:16,0,72.80.116.225,100,368,1,2024-03-13 16:12:16,R_7p1Al4w5gRgttBv,,,,,40.5795,-73.9889,anonymous,EN,1,I pay attention,2,2,5,4,6,2,5,2,2,3,2,3,6,,1,37,2,1,1,3,4,1,,558fff05fdf99b3f7aada357
2024-03-13 16:06:35,2024-03-13 16:12:27,0,107.77.222.40,100,351,1,2024-03-13 16:12:27,R_7FsQW5FFNB5f7zg,,,,,29.7754,-95.598,anonymous,EN,1,I pay attention,2,4,6,4,5,4,5,4,4,4,5,4,5,,1,25,3,5,5,2,2,4,,631bf371cafbcf75cee93374
2024-03-13 16:06:34,2024-03-13 16:12:34,0,73.130.119.196,100,360,1,2024-03-13 16:12:34,R_7SwauTWhmfwhDym,,,,,39.7951,-76.9794,anonymous,EN,1,I pay attention,2,4,6,5,7,2,3,4,6,3,4,3,6,,1,30,5,5,5,5,5,5,none,58a229e74d580c0001e0a766
2024-03-13 16:06:35,2024-03-13 16:12:41,0,73.174.218.67,100,365,1,2024-03-13 16:12:41,R_20kl5i4ZCYAdTDO,,,,,40.3469,-79.8689,anonymous,EN,1,I pay attention,2,3,5,5,6,2,4,4,6,5,7,3,5,,1,48,5,3,3,2,1,1,n/a,6419cedec2078147e5682474
2024-03-13 16:06:44,2024-03-13 16:12:55,0,152.37.132.73,100,370,1,2024-03-13 16:12:57,R_771kzkW0DQrqa0V,,,,,36.7445,-95.9955,anonymous,EN,1,"""I pay attention""",2,4,7,5,7,1,,5,5,5,7,4,7,,2,49,6,6,6,1,2,2,,5cb4ba4be73904000194a733
2024-03-13 16:06:31,2024-03-13 16:12:59,0,67.86.112.70,100,387,1,2024-03-13 16:12:59,R_7WHxBrdbbUYcbxv,,,,,40.5978,-74.0001,anonymous,EN,1,I pay attention,2,2,3,5,7,3,5,4,5,5,7,5,7,,1,39,6,6,6,6,6,6,,60ca4cfb5c287146cad0695a
2024-03-13 16:08:05,2024-03-13 16:13:02,0,107.219.7.244,100,297,1,2024-03-13 16:13:02,R_7L0dtTWW6h9KUpj,,,,,41.7088,-83.6053,anonymous,EN,1,I pay attention,2,4,7,5,7,3,6,4,7,5,5,5,7,,2,46,1,1,1,1,1,1,,5d7ff85ffec5620017b07c40
2024-03-13 16:06:51,2024-03-13 16:13:10,0,72.47.148.102,100,379,1,2024-03-13 16:13:11,R_7NbiMwexXXEggcz,,,,,39.9604,-81.5451,anonymous,EN,1,"I pay attention ",2,2,2,3,4,2,2,3,6,2,1,3,5,,2,23,1,1,1,1,1,1,,604b852fec0f0907cdd2a22b
2024-03-13 16:11:51,2024-03-13 16:13:24,0,68.227.193.120,100,93,1,2024-03-13 16:13:25,R_6ff0GtE3TW8wA5T,,,,,41.874,-71.3844,anonymous,EN,1,I pay attention,1,2,5,4,5,4,6,3,5,5,6,5,5,,1,27,5,6,6,6,6,7,,631c8e97db06f601f81bd82f
2024-03-13 16:06:56,2024-03-13 16:13:32,0,96.69.243.253,100,395,1,2024-03-13 16:13:32,R_7VqAChv9QpSx11o,,,,,39.7536,-86.1935,anonymous,EN,1,I pay attention,2,5,6,4,7,4,7,2,6,4,6,4,6,,2,45,2,2,2,2,2,2,,63bd11a2cbebd7e39b126938
2024-03-13 16:06:48,2024-03-13 16:13:36,0,172.223.12.9,100,408,1,2024-03-13 16:13:36,R_7eClbUK7mIXrVOF,,,,,32.421,-87.0212,anonymous,EN,1,I pay attention,2,4,7,5,7,3,7,4,7,5,7,3,7,,2,23,1,1,1,4,3,4,,5d16d17119d2ed0015e21360
2024-03-13 16:11:26,2024-03-13 16:13:37,0,107.128.2.67,100,131,1,2024-03-13 16:13:38,R_1RNeodsomH2J1vz,,,,,29.5531,-98.3598,anonymous,EN,1,I pay attention,2,5,5,2,5,1,,5,7,4,5,1,,,2,63,7,5,4,7,7,6,,5e1f8fbfb202032c463f3e06
2024-03-13 16:08:47,2024-03-13 16:13:44,0,174.71.73.109,100,297,1,2024-03-13 16:13:45,R_7QMhRx0rsRLsLt5,,,,,41.2671,-96.0378,anonymous,EN,1,I pay attention,2,4,5,3,3,2,2,1,,1,,3,4,,1,37,4,3,3,3,5,4,,5910a5f8748d450001ba3a67
2024-03-13 16:10:06,2024-03-13 16:13:54,0,72.132.224.81,100,228,1,2024-03-13 16:13:55,R_2IYPxh2N8IGlIKS,,,,,33.8408,-116.5337,anonymous,EN,1,I pay attention,2,4,7,5,7,3,6,3,6,5,6,2,4,,1,23,6,6,6,6,6,6,,5e5e623737be5e1762ad4418
2024-03-13 16:07:08,2024-03-13 16:13:55,0,98.201.203.11,100,406,1,2024-03-13 16:13:55,R_2RWdQmc9hVubOzn,,,,,30.0035,-95.2832,anonymous,EN,1,"I pay attention ",2,1,,5,6,2,4,3,4,4,5,5,7,,2,33,7,2,6,6,1,6,NO,641370f5a8d3826956778170
2024-03-13 16:06:54,2024-03-13 16:14:23,0,172.59.220.209,100,449,1,2024-03-13 16:14:24,R_7bVvObJIyHgE0rn,,,,,35.2843,-80.76,anonymous,EN,1,I py attention,2,2,6,4,6,1,,2,4,5,6,4,7,,2,42,2,1,1,3,3,4,"I noticed that I typed ""I py attention for the attention check right when I pressed the arrow. It was a typo however, I was paying attention and reading the instructions.",6594720fa43b97e09c261749
2024-03-13 16:12:22,2024-03-13 16:14:50,0,24.192.216.73,100,147,1,2024-03-13 16:14:51,R_7aK1xKP8NxAT72c,,,,,42.5138,-82.9396,anonymous,EN,1,I pay attention,2,2,4,4,5,3,2,3,3,3,3,2,5,,1,38,6,3,3,2,3,4,,5d3899e31c8fb9001ca6183c
2024-03-13 16:07:01,2024-03-13 16:15:13,0,172.4.5.180,100,492,1,2024-03-13 16:15:14,R_5YFgh4g0n2bSWBM,,,,,32.48,-96.9905,anonymous,EN,1,I pay attention,2,5,7,4,6,1,,1,,1,,1,,,2,35,6,5,7,7,6,5,,5d1e5ece2e9ac30016b522c5
2024-03-13 16:06:32,2024-03-13 16:15:19,0,173.63.142.238,100,526,1,2024-03-13 16:15:19,R_7mhpj6TJ4ByZ1QA,,,,,40.8802,-74.292,anonymous,EN,1,I pay attention,2,4,7,5,7,3,5,5,7,5,7,5,7,,2,59,7,7,5,1,1,1,I wrote the researcher to please use darker fonts in the future. Thank you.,6335fd309608ba9c606477fc
2024-03-13 16:11:04,2024-03-13 16:16:01,0,98.228.183.233,100,297,1,2024-03-13 16:16:01,R_3OVdGnpAoyZZOYa,,,,,41.9014,-88.7515,anonymous,EN,1,I pay attention,2,2,5,4,5,4,7,5,7,4,6,5,6,,1,33,4,3,2,5,7,6,,58935d5d4d77be0001689f14
2024-03-13 16:10:20,2024-03-13 16:16:33,0,47.24.249.53,100,372,1,2024-03-13 16:16:33,R_5m9Vu8IH9ybw9rI,,,,,38.7059,-90.3078,anonymous,EN,1,I pay attention,2,2,5,2,5,3,6,2,3,4,7,2,5,,1,32,2,1,1,6,5,6,,63d20ab5cc10928b0f1614e1
2024-03-13 16:06:49,2024-03-13 16:17:03,0,67.172.22.154,100,614,1,2024-03-13 16:17:04,R_7h5t2LJyxvA0Chv,,,,,39.6009,-79.9383,anonymous,EN,1,I pay attention,1,3,4,4,5,2,2,2,2,3,5,5,6,,2,37,5,2,3,3,3,3,,641361951f32a46c07479b33
2024-03-13 16:06:21,2024-03-13 16:17:28,0,209.169.71.1,100,666,1,2024-03-13 16:17:28,R_5OjiEqk7H8utNQY,,,,,30.3228,-95.5298,anonymous,EN,1,I pay attention,2,3,4,5,5,1,,3,6,4,5,3,5,,1,35,1,1,1,6,6,4,,56fa002e8425ef000b3a4276
2024-03-13 16:06:34,2024-03-13 16:17:35,0,98.54.203.214,100,660,1,2024-03-13 16:17:35,R_7f6Q7SBPZxIRiQf,,,,,35.0848,-89.8014,anonymous,EN,1,''I pay attention'',2,3,4,3,4,3,5,3,6,3,6,3,4,,2,61,6,6,6,6,6,6,Great study.,63bed6e176fba857a47fbaff
2024-03-13 16:06:27,2024-03-13 16:18:08,0,172.59.192.247,100,701,1,2024-03-13 16:18:09,R_3dnyPN2DchhNER7,,,,,32.8236,-96.6814,anonymous,EN,1,I pay attention,2,2,5,3,5,3,5,3,5,2,3,3,7,,2,38,5,5,4,5,5,5,,5cbe04b4f429ff00159de30e
2024-03-13 16:06:36,2024-03-13 16:19:07,0,172.59.9.151,100,750,1,2024-03-13 16:19:07,R_1PZynBs1CFTfzEf,,,,,41.6669,-72.7726,anonymous,EN,1,I pay attention,2,4,6,4,6,4,6,3,5,5,6,4,6,,2,66,6,7,6,7,7,1,Enjoyed the survey!,6134d8a566bc3dffe880e879
2024-03-13 16:06:48,2024-03-13 16:19:42,0,47.202.68.245,100,774,1,2024-03-13 16:19:43,R_2n2PDQgbTqpk2vs,,,,,27.3254,-82.4733,anonymous,EN,1,I pay attention,2,5,6,3,6,3,6,4,4,3,6,3,5,,2,54,6,4,5,5,6,5,,61009b8d84bfd7086deec45a
2024-03-13 16:06:41,2024-03-13 16:21:00,0,173.16.254.220,100,859,1,2024-03-13 16:21:01,R_74eFMYLTrCCQV1I,,,,,39.05,-122.9317,anonymous,EN,1,I pay attention,2,3,5,4,7,2,3,3,6,5,7,4,6,,1,29,7,6,7,7,7,6,,657f9ecdc7afa8708864c59b
2024-03-13 16:07:07,2024-03-13 16:21:52,0,24.107.229.31,100,885,1,2024-03-13 16:21:53,R_6uwHEzUH5QueCG1,,,,,44.6996,-73.4473,anonymous,EN,1,I pay attention,2,3,7,5,7,5,6,3,7,5,7,5,7,,1,36,4,4,4,4,4,4,No comments,5d2fbee1fb16450018a7a023
2024-03-13 16:18:01,2024-03-13 16:22:12,0,71.70.64.51,100,250,1,2024-03-13 16:22:12,R_5JC4irMPOBYwrZ2,,,,,33.9632,-80.9341,anonymous,EN,1,I pay attention,2,3,6,4,6,1,,2,6,5,5,3,6,,1,34,6,1,2,5,1,1,,5ee5e3b02eebe932ee9559c5
2024-03-13 16:06:26,2024-03-13 16:24:01,0,173.63.222.8,100,1055,1,2024-03-13 16:24:02,R_1RzwVWHikDy2STD,,,,,40.852,-74.2842,anonymous,EN,1,"I pay attention ",2,5,5,3,6,4,6,5,5,3,4,4,5,,2,53,2,2,2,6,6,6,,60b3e6ad448226548d21fc4d
2024-03-13 16:04:30,2024-03-13 16:24:22,0,96.232.202.55,100,1191,1,2024-03-13 16:24:22,R_2bZYvJOdHFROB4G,,,,,40.726,-73.848,anonymous,EN,1,I pay attention,2,3,5,4,6,2,3,2,4,5,6,2,3,,1,28,5,2,1,1,1,1,,6012e262527c380ccb2a6c74
2024-03-13 16:06:34,2024-03-13 16:26:34,0,76.35.198.30,100,1200,1,2024-03-13 16:26:35,R_12IPzdSzMftu8c6,,,,,40.7244,-84.0856,anonymous,EN,1,I pay attention,1,2,6,4,7,3,5,4,4,5,7,3,6,,1,43,5,2,2,5,2,2,,5e39d872793a082024d9cf18
2024-03-13 16:45:29,2024-03-13 16:48:42,0,47.204.242.98,100,192,1,2024-03-13 16:48:43,R_7N8JoMG0yZTNme2,,,,,28.1355,-82.4605,anonymous,EN,1,I pay attention,2,4,6,3,6,1,,2,5,4,6,3,6,,1,40,2,2,3,4,6,3,,56f9364e895094000c8f4967
